SP_Hole_ID,From_Hole_Position,To_Hole_Position,Ag_ppm,Al_pct,As_ppm,Ba_ppm,Bi_ppm,Ca_pct,Cd_ppm,Ce_ppm,Co_ppm,Cr_ppm,Cs_ppm,Cu_ppm,Dy_ppm,Er_ppm,Eu_ppm,Fe_pct,Ga_ppm,Gd_ppm,Ge_ppm,Hf_ppm,Hg_ppm,Ho_ppm,In_ppm,K_pct,La_ppm,Lu_ppm,Match,Mg_pct,Mn_ppm,Mo_ppm,Na_pct,Nb_ppm,Nd_ppm,Ni_ppm,P_pct,Pb_ppm,Pr_ppm,Rb_ppm,Re_ppm,S_pct,Sb_ppm,Sc_ppm,Se_ppm,Si_pct,Sm_ppm,Sn_ppm,Sr_ppm,Ta_ppm,Tb_ppm,Te_ppm,Th_ppm,Ti_ppm,Tl_ppm,Tm_ppm,U_ppm,V_ppm,W_ppm,Y_ppm,Yb_ppm,Zn_ppm,Zr_ppm
DD17TUR017,140,141.0,0.90460000,7.39406187,48.02460000,959.03520000,3.17560000,1.27639210,0.62320000,64.22700000,8.52940000,47.09425000,11.22000000,366.91120000,3.95060000,3.18200000,0.94740000,2.80168132,12.43400000,4.63780000,2.33500000,3.03760000,1.43120000,0.72460000,0.37560000,3.64315485,31.76680000,0.35160000,0.97418003,1.09382005,146.79640000,13.21780000,2.29376887,14.01020000,38.32480000,37.43360000,0.14731740,423.17080000,5.99620000,174.47020000,0.01400000,1.64736505,45.66660000,5.21550000,6.16280000,32.21464605,5.78980000,2.81360000,218.31520000,0.42540000,0.90000000,0.48040000,19.42480000,1931.58633333,2.93880000,0.27600000,11.59780000,86.58622222,4.72560000,22.23540000,2.38760000,1138.96200000,248.28500000
DD17TUR017,141.0,142.0,0.99811111,7.34419961,43.32633333,585.65322222,1.89933333,2.33956102,0.68888888,65.23933333,11.45277777,49.83475000,11.09222222,543.15600000,4.12988888,2.80900000,0.68755555,6.21373296,11.47100000,4.63533333,2.31566666,2.77377777,2.13377777,0.68411111,0.61966666,2.38265153,31.02877777,0.36244444,0.98475860,2.74051793,311.11044444,10.14144444,1.70821261,11.69477777,39.97155555,20.53477777,0.17413917,249.86955555,6.13788888,161.56344444,0.01400000,1.16768485,20.07877777,5.45925000,2.36022222,27.48621868,5.00511111,2.11377777,195.86255555,0.47222222,0.78033333,0.29255555,15.19411111,1224.49452941,1.14511111,0.37211111,18.87411111,95.73811764,7.15755555,19.46877777,2.03577777,653.70988888,244.20788888
DD17TUR017,142.0,143.0,0.92077777,8.15910852,45.52244444,922.35833333,1.92700000,1.49385972,0.50477777,65.48288888,13.05544444,46.79212500,11.04788888,351.89288888,4.03088888,3.10133333,0.86400000,3.85798704,12.76822222,4.66455555,1.27344444,3.25333333,2.55233333,0.68544444,0.41577777,3.43109922,86.95744444,0.36088888,0.98243050,1.54815892,167.49177777,11.32888888,2.49065077,14.57611111,38.33733333,33.16122222,0.14037071,434.82955555,5.59833333,175.66677777,0.01288888,0.44954712,31.26033333,6.95125000,1.96866666,30.32828300,5.54833333,1.65622222,327.89777777,0.48622222,0.87688888,0.34788888,20.03988888,2719.09929411,1.16500000,0.31288888,15.07577777,103.78494117,10.31111111,21.80344444,2.08844444,550.07888888,250.84177777
DD17TUR017,143.0,144.0,0.89230000,8.44475294,60.19370000,1474.47150000,1.13510000,1.13032130,0.61170000,61.50740000,8.21500000,51.15011111,11.21570000,178.64290000,4.01570000,3.17090000,0.91630000,2.62057633,12.84410000,4.65200000,1.93730000,4.67760000,2.16240000,0.66810000,0.35810000,3.92409236,74.55570000,0.35750000,0.97992405,0.69167433,148.45990000,10.17610000,2.64027683,14.98510000,38.79320000,20.30880000,0.15754685,328.27230000,4.60480000,186.45480000,0.01300000,0.09459996,24.24580000,6.90400000,2.13500000,29.96084086,4.98740000,1.70920000,581.19650000,0.47660000,0.89960000,0.29110000,16.28390000,2465.04778947,0.73260000,0.28490000,15.59700000,88.10284210,8.67670000,23.76110000,2.00510000,841.97580000,240.96880000
DD17TUR017,144.0,145.0,0.92600000,7.30256010,46.16788888,261.63777777,3.23000000,0.79560591,0.44044444,70.05077777,23.45722222,41.99700000,10.80588888,373.68988888,3.71133333,2.55833333,0.66688888,8.53606146,13.30377777,5.44644444,1.88211111,2.85355555,2.74811111,0.79411111,0.48900000,2.79640537,44.51300000,0.38366666,0.97879524,5.61663900,458.10966666,12.20655555,0.37898748,13.05277777,40.01488888,49.01044444,0.20460591,275.79555555,6.96666666,177.61700000,0.01400000,0.45909507,27.98366666,5.14128571,2.44855555,27.00519877,4.95644444,1.75733333,85.41544444,0.78288888,0.68666666,0.24755555,16.35966666,1979.97343750,0.91988888,0.33555555,14.84755555,118.05106250,8.89744444,21.49177777,2.20422222,375.90844444,264.96988888
DD17TUR017,145.0,146.0,1.43600000,6.84223942,44.27970000,500.57710000,2.18920000,1.28950846,0.95190000,67.29020000,27.29580000,51.10055555,9.91320000,537.30360000,3.41390000,2.64930000,0.66660000,8.61480265,10.25630000,6.27030000,1.25590000,2.72570000,3.28420000,0.72290000,0.76350000,2.34435521,63.03910000,0.37030000,0.97418793,3.15739038,478.93700000,15.01440000,0.60733675,10.67230000,39.73610000,42.79260000,0.12151183,175.15200000,6.08250000,103.06010000,0.01210000,1.50471271,30.94820000,3.76955555,2.34070000,25.60924764,5.26080000,2.08740000,179.60750000,0.63660000,0.72190000,0.27240000,11.00060000,1331.33757894,1.02110000,0.32090000,19.34980000,103.07305263,15.59760000,18.79100000,2.13610000,2846.35500000,191.23760000
DD17TUR017,146.0,147.0,1.05466666,6.40115631,43.75366666,176.28644444,2.18833333,0.64393572,1.33677777,70.20788888,36.29344444,42.59737500,8.18866666,2132.89166666,3.55866666,2.48666666,0.55488888,11.91544854,10.26933333,5.89055555,1.20488888,2.43844444,3.03366666,0.80555555,1.18100000,1.48474813,60.99755555,0.36133333,0.98657647,3.93958410,533.28366666,37.80555555,0.23425866,10.00400000,41.31088888,48.07100000,0.12174612,250.85888888,7.29444444,83.74055555,0.01755555,2.89026415,85.54366666,2.93812500,1.86277777,25.41016076,4.99288888,3.29877777,103.58933333,0.47233333,0.68011111,0.23288888,11.50844444,956.24641176,1.31511111,0.26944444,12.20288888,96.43370588,10.03288888,13.21688888,2.05688888,551.78577777,108.48088888
DD17TUR017,147.0,148.0,0.93454545,7.87847954,49.13018181,725.44481818,2.63500000,1.38890644,0.63363636,65.95845454,14.39618181,69.28433333,11.27227272,322.07700000,4.29627272,2.83409090,0.73036363,5.96819910,12.23127272,4.87781818,2.14636363,3.34345454,2.51518181,0.64054545,0.70036363,2.58548207,33.99209090,0.35163636,0.97668621,2.33362951,301.29454545,12.62118181,1.09173260,9.96909090,39.37227272,24.08990909,0.30505826,316.61227272,7.00454545,118.88427272,0.01309090,0.35481530,25.06545454,4.32755555,3.27081818,29.85793344,5.04627272,1.84727272,217.61336363,0.61736363,0.80209090,0.28736363,13.12054545,1487.27555000,0.97963636,0.30536363,12.31218181,88.40180000,8.88772727,19.33518181,2.18290909,934.36890909,162.40881818
DD17TUR017,148.0,149.0,0.89320000,8.30341922,44.44206666,882.79046666,1.64613333,2.31016440,0.58826666,63.64660000,13.71186666,51.40761538,11.11253333,337.21673333,4.11026666,2.92233333,0.84400000,4.02049556,12.05113333,5.26413333,2.24506666,2.38406666,2.82086666,0.79160000,0.48726666,3.38238853,45.01240000,0.38306666,0.97170717,1.26987206,293.96453333,12.20866666,2.03739080,13.09226666,38.47060000,28.70726666,0.18342241,236.48186666,5.60453333,144.12426666,0.01333333,0.35973463,20.09800000,5.72053846,1.92633333,29.71583651,5.17433333,1.96013333,223.45253333,0.58993333,0.85113333,0.25260000,14.56926666,1969.45485714,0.78400000,0.32313333,15.02906666,100.89575000,10.39126666,23.00786666,2.08333333,554.50026666,218.56233333
DD17TUR017,149.0,150.0,1.18980000,7.32403633,54.77290000,525.22300000,1.28620000,1.62779615,1.69740000,66.37620000,29.25090000,109.16588888,9.49440000,458.55090000,3.81800000,2.62050000,0.70610000,9.66075634,10.38670000,7.48220000,1.79050000,2.97620000,2.89120000,0.76580000,0.73400000,2.37208886,243.52390000,0.37230000,0.98238865,3.01045577,646.52320000,9.06130000,1.23905844,10.61390000,38.79740000,43.90640000,0.14644551,226.82430000,5.44790000,145.03150000,0.01390000,0.86788180,24.16320000,10.01688888,3.55160000,24.56866436,5.17190000,2.45050000,317.69840000,0.57280000,0.73480000,0.29400000,12.43520000,3640.22110526,1.10410000,0.31120000,13.09840000,144.25247368,8.86770000,25.22650000,2.13590000,674.18840000,159.80270000
DD17TUR017,150.0,151.0,1.52700000,6.89952823,63.92333333,43.41933333,4.29500000,3.83916056,2.18666666,72.78200000,27.39400000,63.45466666,10.33233333,433.09066666,2.84300000,2.49100000,0.56200000,13.57746220,11.74400000,10.31600000,0.69700000,1.95800000,2.79700000,0.78200000,1.40366666,0.79927966,461.15966666,0.33700000,0.98732222,3.43460890,1132.18300000,9.65600000,0.50907686,7.56500000,39.35233333,39.36066666,0.18069143,513.49633333,3.01700000,44.19000000,0.01266666,0.49721123,24.23966666,11.37000000,1.19233333,20.65005853,5.09100000,2.90566666,142.47733333,0.64433333,0.68900000,0.12300000,7.18766666,4841.26866666,0.35233333,0.22800000,7.33766666,190.64400000,4.00566666,23.09500000,2.09433333,1644.32933333,136.46933333
DD17TUR017,151.0,152.0,0.97650000,7.49861878,55.96083333,55.38950000,3.39350000,3.53970286,2.01966666,71.95466666,29.38283333,51.56366666,10.05500000,271.79483333,3.30716666,2.54900000,0.64683333,10.28630333,11.90416666,8.92150000,2.41016666,2.30416666,3.20533333,0.79366666,1.32266666,0.90330146,332.31533333,0.36650000,0.97806741,3.00654288,918.10066666,14.23416666,0.91281321,8.95366666,39.51400000,23.90550000,0.17233321,352.66083333,3.55633333,26.29966666,0.01150000,0.22712031,29.11616666,14.62783333,2.83066666,24.81075318,4.85966666,2.84400000,209.40133333,0.70700000,0.69416666,0.17266666,6.89750000,5437.30416666,0.65350000,0.31366666,5.77700000,199.31008333,5.31466666,19.53633333,2.20583333,642.15300000,130.15616666
DD17TUR017,152.0,153.0,0.95277777,7.31442126,56.17133333,400.30077777,1.42366666,3.59539990,1.42166666,64.22611111,30.32011111,52.92012500,10.15311111,224.52000000,3.87788888,2.55077777,0.60611111,11.67974368,11.07655555,9.03433333,1.48855555,2.33644444,1.77355555,0.90355555,0.98211111,1.16565536,393.20033333,0.36677777,0.98539610,3.20479817,1005.53877777,9.18844444,0.81886392,9.22955555,40.13233333,38.16944444,0.16210550,264.18833333,3.01700000,64.46555555,0.01233333,0.07292230,27.90133333,14.52287500,4.08711111,23.71640443,5.89422222,3.37922222,205.63655555,0.53533333,0.68644444,0.17388888,6.76477777,5815.25294117,1.18600000,0.34200000,9.12544444,190.71670588,7.41833333,26.28466666,2.17233333,876.73488888,127.91066666
DD17TUR017,153.0,154.0,1.07520000,6.91470826,46.95100000,126.57080000,2.52060000,3.02824303,2.10060000,65.35780000,32.18050000,48.24812500,9.86570000,944.08640000,3.19080000,2.50060000,0.60410000,11.55188800,10.41210000,8.20780000,2.79020000,2.25160000,2.24240000,0.82520000,0.93860000,1.53391420,411.75120000,0.34610000,0.97758194,4.02978106,887.30990000,9.13540000,0.59063103,9.03620000,39.61690000,36.66760000,0.28910971,223.08100000,3.01700000,85.40970000,0.01270000,0.54805313,28.01430000,14.82350000,5.68070000,21.86689861,5.11550000,2.36180000,185.75320000,0.56410000,0.68510000,0.28040000,7.67020000,6173.31205555,1.48430000,0.27030000,9.96330000,196.88388888,3.57570000,19.76500000,2.22260000,524.38750000,125.94500000
DD17TUR017,154.0,155.0,0.92460000,7.61291787,49.86510000,108.57290000,1.97180000,3.77202915,0.57440000,66.56090000,27.87890000,48.60244444,10.32640000,291.93600000,3.53400000,2.52470000,0.58530000,10.59036365,12.46280000,7.58630000,1.49420000,2.39680000,1.84460000,0.86280000,0.85920000,1.26961053,278.23540000,0.34290000,0.98081859,3.76599518,877.99850000,12.78920000,0.76694364,9.57810000,39.31060000,28.20560000,0.23813172,223.00630000,3.49510000,75.54500000,0.01170000,0.50575730,25.81500000,13.58711111,3.44660000,24.02923277,5.09160000,2.41950000,154.97980000,0.52630000,0.68440000,0.16710000,6.11500000,5167.48036842,2.19610000,0.37090000,9.32890000,176.49931578,10.07210000,22.56690000,2.19640000,388.84750000,151.28610000
DD17TUR017,155.0,156.0,0.97590000,7.80360981,55.33030000,68.88070000,2.19170000,4.23767990,1.91370000,63.86510000,31.58630000,75.04120000,10.07810000,444.41120000,3.23980000,2.52670000,0.55280000,12.35542832,12.40920000,9.72270000,1.48250000,2.04750000,2.22880000,0.90700000,1.46980000,0.60344767,389.40770000,0.36320000,0.98023617,3.23545982,956.99190000,11.89800000,0.73974782,8.95450000,38.96490000,49.01350000,0.24525534,239.90030000,3.01700000,21.61110000,0.01270000,0.78190373,28.84130000,14.43000000,2.15590000,23.26759012,5.44460000,3.48080000,244.26140000,0.60940000,0.68740000,0.14970000,8.86910000,5671.07185000,1.08740000,0.30200000,8.01010000,200.88090000,8.29610000,23.02760000,2.14420000,930.23880000,159.41520000
DD17TUR017,156.0,157.0,0.88537500,7.76775538,65.91712500,112.54162500,2.20550000,5.01290138,1.32187500,64.07487500,25.49600000,59.12142857,11.05450000,525.81412500,3.77412500,2.55575000,0.60187500,10.44704500,12.27437500,8.74650000,2.27137500,2.58075000,1.40050000,0.87775000,1.47462500,0.68533081,364.09462500,0.36850000,0.97916566,3.13905065,962.73912500,15.99437500,0.77097534,10.00350000,39.87925000,32.96587500,0.22673458,329.81475000,3.49812500,21.67637500,0.01325000,0.46681295,31.17787500,16.11942857,3.44100000,22.99508321,5.16000000,3.30262500,220.05437500,0.67200000,0.67337500,0.19775000,7.17462500,5770.44666666,1.06262500,0.38787500,7.14125000,211.43160000,5.48787500,20.07362500,2.22062500,1084.79850000,168.80262500
DD17TUR017,157.0,158.0,0.98990000,7.48420128,53.30490000,131.21870000,1.52230000,4.30855392,1.48940000,67.10700000,28.32830000,53.37777777,10.08100000,246.48480000,3.59650000,2.56830000,0.56950000,11.06196667,11.25170000,8.45370000,1.11740000,2.49810000,2.47380000,0.88790000,1.61320000,0.83283750,428.51080000,0.35130000,0.98476953,3.16750265,1025.73970000,10.50810000,0.73056326,9.04160000,40.05970000,36.74280000,0.17814422,223.80850000,3.01700000,29.14470000,0.01210000,0.23449816,27.96830000,14.35411111,3.38080000,24.09551882,5.49570000,2.26400000,305.37280000,0.60060000,0.68670000,0.15770000,6.65180000,6427.72410526,1.26000000,0.33550000,7.60140000,214.01005263,5.87090000,19.71350000,2.13640000,713.99050000,154.13920000
DD17TUR017,158.0,159.0,1.01675000,7.97138617,53.08700000,213.14787500,2.43562500,4.22459522,1.41775000,65.11725000,30.41637500,54.11814285,9.95025000,198.95750000,3.68425000,2.58887500,0.62562500,10.98364585,11.87812500,7.57925000,1.36387500,2.27337500,2.73112500,0.84662500,1.49725000,0.70777610,463.11825000,0.35950000,0.98327754,3.12195575,1024.40675000,11.48637500,0.80544960,9.03062500,39.79362500,36.62725000,0.21365804,329.77975000,3.01700000,24.46125000,0.01212500,0.35831881,33.11225000,14.32257142,3.39387500,24.20702942,4.76975000,4.01862500,418.19762500,0.49887500,0.68837500,0.17162500,5.98712500,7173.03693333,1.22700000,0.32250000,7.39662500,225.29766666,5.58112500,21.03825000,2.18600000,866.95212500,159.60637500
DD17TUR017,159.0,160.0,0.98228571,7.92685704,48.70635714,161.23235714,1.92400000,4.34166248,1.28707142,64.70164285,30.45735714,57.20823076,10.86500000,396.10735714,3.57278571,2.56335714,0.60421428,10.46480285,12.74742857,8.09864285,1.36364285,2.12114285,2.01814285,0.81642857,1.61257142,0.81194573,414.53092857,0.35514285,0.98160991,3.06818942,1011.94764285,10.28621428,0.81234599,8.45014285,39.37014285,44.75700000,0.19828278,184.97128571,3.01700000,29.95435714,0.01278571,0.39471975,28.19957142,14.86038461,2.97807142,24.53914378,4.98642857,3.75871428,357.99821428,0.46864285,0.68621428,0.15514285,6.45878571,6500.38914814,1.10314285,0.35621428,7.57814285,211.68633333,5.82728571,21.70871428,2.20514285,630.67342857,155.52635714
DD17TUR017,160.0,161.0,0.92311111,7.55093674,66.34777777,205.77366666,0.83388888,4.05556487,1.88044444,67.34511111,25.34322222,56.00777777,10.63344444,524.18977777,3.45677777,2.49900000,0.57244444,11.65576630,10.98477777,8.75811111,1.93411111,2.08655555,2.36266666,0.82522222,1.24311111,0.94266281,356.72033333,0.36788888,0.98552314,3.14537643,963.45344444,9.04544444,0.96941773,9.49200000,39.36344444,35.72588888,0.14803353,415.22333333,3.45344444,46.71300000,0.01411111,0.46753552,27.51600000,10.34822222,2.14600000,23.70854723,4.84877777,2.43122222,354.90077777,0.49866666,0.68477777,0.14144444,7.21277777,4238.74105555,1.95533333,0.34255555,8.40711111,163.38483333,3.33666666,21.33233333,2.15500000,1125.95444444,138.23611111
DD17TUR017,161.0,162.0,0.87100000,8.07042300,81.99600000,101.65600000,0.08900000,3.74175620,2.24900000,60.06300000,31.45500000,53.77900000,9.89200000,616.26900000,3.10800000,2.59200000,0.51800000,11.50275000,10.49000000,11.61300000,1.04500000,2.63400000,2.79700000,0.69600000,1.74600000,1.29920580,444.22700000,0.33700000,0.98278190,3.05698650,1009.58700000,10.02200000,0.97495910,9.30100000,39.60500000,37.89200000,0.15479340,513.40500000,3.01700000,37.72400000,0.01400000,0.04408220,28.91500000,10.32800000,1.33100000,25.00918740,7.99200000,3.52200000,513.27200000,0.34900000,0.70100000,0.16100000,7.31300000,4698.08350000,0.30800000,0.33800000,7.28100000,191.68800000,2.55300000,19.77000000,2.12500000,1623.74800000,157.36100000
DD17TUR017,162.0,163.0,0.93412500,7.77677878,66.83925000,345.90000000,0.66212500,3.85442450,4.19300000,65.33187500,31.95875000,50.96685714,11.22062500,783.36112500,3.78262500,2.55037500,0.57050000,10.03754042,11.32837500,6.30562500,1.85600000,2.50837500,1.95400000,0.92612500,0.98312500,1.03091120,286.80450000,0.36825000,0.98889731,2.80238225,739.60750000,10.40925000,1.52048127,10.29725000,40.10050000,39.29125000,0.17071424,223.14500000,3.65500000,68.95912500,0.01275000,0.95089724,34.21162500,14.10128571,2.50762500,23.60873910,5.64987500,3.09350000,347.21675000,0.53475000,0.68987500,0.21637500,7.93437500,4903.12213333,1.21037500,0.37025000,8.66837500,195.35240000,10.53887500,21.45737500,2.10787500,925.73737500,166.81262500
DD17TUR017,163.0,164.0,1.25327272,7.16122326,58.38945454,139.38909090,2.12281818,2.92831754,5.62400000,68.50336363,29.82736363,45.93433333,9.43363636,992.39990909,3.40545454,2.67372727,0.58745454,12.14707514,10.21481818,6.52145454,1.84027272,2.21818181,2.95063636,0.76763636,1.30836363,1.04797310,301.39527272,0.35600000,0.96499140,3.21405428,639.78645454,15.88154545,0.67070734,9.35000000,40.34927272,52.24390909,0.15342190,236.15318181,3.83763636,73.12127272,0.01309090,1.09357174,41.06600000,13.26277777,3.14436363,20.86314132,5.08700000,2.72636363,161.64990909,0.58063636,0.69845454,0.20700000,10.77709090,5401.33945000,0.98400000,0.29472727,9.15336363,191.42860000,7.85363636,16.79109090,2.22172727,840.02490909,136.91500000
DD17TUR017,164.0,165.0,6.87250000,6.94826999,48.47460000,64.63170000,1.74500000,3.01004778,8.77990000,71.99880000,36.85890000,65.56440000,9.03400000,2042.06360000,3.43990000,2.44100000,0.59800000,14.01154134,10.73290000,7.26060000,1.74830000,2.10980000,2.70580000,0.78130000,1.53950000,0.65235028,453.24330000,0.35760000,0.97550905,2.63643907,737.88160000,9.01710000,0.89257315,9.11220000,40.58200000,63.76560000,0.13477237,349.19330000,3.93420000,28.44470000,0.01370000,2.70727090,39.64260000,16.80670000,2.65570000,21.82305539,5.08470000,3.69090000,304.37900000,0.49590000,0.68360000,0.26750000,10.80560000,5950.96005000,0.63660000,0.26830000,8.80740000,209.50750000,9.72940000,17.69630000,2.05370000,363.03590000,147.98010000
DD17TUR017,165.0,166.0,1.05250000,7.32201336,47.27720000,251.19760000,3.23180000,3.58413211,14.30640000,65.73420000,31.79090000,51.86066666,9.74730000,659.73550000,3.49500000,2.62320000,0.60090000,11.03608734,11.33540000,11.16170000,1.78560000,2.51610000,2.51970000,0.91660000,1.26140000,0.88298937,342.37390000,0.36320000,0.97337710,3.15264424,899.06030000,12.12950000,1.03725227,8.73020000,39.31830000,36.84620000,0.12694876,373.10530000,3.01700000,34.27760000,0.01270000,0.47362437,26.17670000,15.41111111,5.27890000,23.85347510,4.85630000,3.18380000,319.44760000,0.50430000,0.71440000,0.19180000,7.91720000,5467.64721052,0.90740000,0.33130000,6.94380000,204.62915789,10.21210000,21.51990000,2.13280000,919.26940000,127.46270000
DD17TUR017,166.0,167.0,0.97680000,7.55283980,66.11060000,117.31840000,2.04520000,3.62675840,1.66500000,65.32000000,33.52420000,58.38500000,10.07620000,595.54380000,3.02940000,2.50580000,0.54460000,12.07572600,12.70400000,7.89520000,1.92420000,2.21920000,2.50300000,0.88400000,1.26040000,0.96358322,424.73420000,0.36960000,0.98694494,3.55619500,1029.89140000,7.92140000,0.79763912,9.83940000,40.89280000,47.26720000,0.16944260,228.14100000,3.01700000,33.93220000,0.01400000,0.37781304,28.85360000,13.88860000,2.32380000,24.42455038,4.84540000,3.65940000,326.28780000,0.60940000,0.69640000,0.16060000,7.65240000,5460.95720000,1.06720000,0.26540000,9.54220000,201.67380000,3.59140000,24.93860000,2.12680000,671.79640000,144.27360000
DD17TUR017,167.0,168.0,0.99516666,7.48588054,61.81741666,160.16516666,2.45758333,3.68292982,1.10250000,65.71000000,29.79016666,51.56200000,10.59483333,770.54358333,3.78083333,2.54891666,0.61058333,10.89100139,11.52616666,7.14341666,1.88375000,2.16158333,2.06308333,0.76600000,1.32916666,0.98775980,338.69400000,0.36616666,0.98357393,3.19019751,873.79925000,8.53225000,1.12070866,9.02358333,40.27541666,30.75716666,0.12801047,194.41208333,3.07833333,55.10266666,0.01316666,0.53872846,29.52183333,14.37763636,3.78891666,24.36582789,4.95741666,2.43433333,246.27950000,0.49425000,0.68191666,0.19166666,5.48683333,4842.53191304,0.96175000,0.36708333,7.59958333,185.99308695,4.53725000,22.09658333,2.16783333,748.24425000,141.47408333
DD17TUR017,168.0,169.0,1.16800000,7.74864337,68.06533333,263.64358333,1.21308333,3.87628785,1.79833333,65.63041666,28.14691666,71.08991666,10.54150000,334.60391666,3.60183333,2.57016666,0.57516666,11.88460833,12.23608333,9.28825000,2.02333333,2.46691666,2.05558333,0.77225000,1.39475000,0.88308530,390.57175000,0.36066666,0.98271716,3.06246957,971.42316666,11.30466666,1.04320730,8.94200000,39.51625000,37.36950000,0.14340617,393.90916666,3.01700000,30.24850000,0.01200000,0.30331795,28.90441666,12.07816666,2.98191666,23.43835881,4.94150000,2.60600000,226.41033333,0.50941666,0.68383333,0.18775000,6.26000000,5433.64754166,0.57708333,0.35541666,6.72150000,200.38654166,4.77366666,23.40958333,2.18750000,1156.75683333,157.10758333
DD17TUR017,169.0,170.0,2.69960000,7.38552764,43.46440000,267.00600000,1.39260000,3.88739162,6.50230000,72.13880000,29.10350000,91.22844444,10.37170000,573.81000000,3.82680000,2.42830000,0.61730000,11.51721832,12.28450000,8.35950000,2.24650000,2.54630000,1.89080000,0.80810000,1.07640000,1.20447578,326.15740000,0.34070000,0.98501191,2.42593377,830.26800000,8.88730000,1.34507044,10.11470000,39.57890000,27.95180000,0.12802504,225.38130000,3.46510000,63.77890000,0.01290000,1.70412153,30.73830000,10.74711111,1.45190000,23.79598710,5.51880000,3.01040000,212.42440000,0.60510000,0.73260000,0.17590000,11.54390000,4421.21247368,1.30800000,0.34420000,10.19920000,161.90026315,4.75320000,20.86520000,2.12140000,582.53350000,136.82030000
DD17TUR017,170.0,171.0,0.87788888,8.05847526,59.81544444,608.74644444,1.09700000,1.18216510,0.46211111,64.06022222,12.04477777,141.53112500,11.20744444,471.95355555,3.96666666,2.76800000,0.72544444,6.02069147,12.87022222,4.62277777,2.47977777,2.78577777,1.07722222,0.71377777,0.40244444,3.01568000,35.03266666,0.35955555,0.97072803,1.23406932,177.11088888,45.76466666,2.37653118,11.72200000,39.77222222,27.99777777,0.07287485,257.87344444,3.19966666,149.01355555,0.01755555,0.47469593,13.65588888,14.22487500,4.08444444,29.76128607,5.28688888,2.43677777,263.90077777,0.60388888,0.82744444,0.22900000,9.14655555,1979.49352941,1.27555555,0.28444444,17.16677777,150.03305882,10.11488888,23.74866666,2.20866666,560.58811111,126.11455555
DD17TUR017,171.0,172.0,1.02160000,7.36117900,55.66180000,163.89860000,3.29260000,0.82823852,0.38520000,69.83080000,29.48540000,69.99125000,10.86640000,1967.21300000,3.57320000,2.53060000,0.57460000,8.90931666,7.93080000,4.56800000,1.26140000,2.16420000,2.02060000,0.78920000,0.97240000,2.26603860,44.28440000,0.35940000,0.98138044,1.76796320,249.82480000,55.54760000,0.80231732,9.12140000,40.67880000,47.61520000,0.04986992,226.64800000,5.28200000,83.62200000,0.01960000,1.44712087,20.84200000,8.74750000,1.80900000,25.23036815,5.30000000,3.58540000,65.28440000,0.40800000,0.66760000,0.22320000,11.12060000,1506.86100000,1.42220000,0.33440000,10.54520000,125.31488888,4.21300000,15.78360000,2.16080000,775.43960000,105.59540000
DD17TUR017,172.0,173.0,0.97400000,7.28322341,68.48025000,332.57787500,2.78337500,3.31145171,0.89850000,61.79787500,25.18037500,310.66700000,10.92825000,1878.09675000,4.30025000,2.60500000,0.57075000,9.23577832,9.80037500,6.92000000,2.73250000,2.16700000,1.09912500,0.77062500,0.94237500,1.35477207,100.47687500,0.36550000,0.97861453,4.59955455,471.41150000,17.98200000,0.97016660,8.47162500,39.98150000,32.49275000,0.07044642,359.24512500,3.46850000,118.60362500,0.01337500,0.88451010,41.50275000,12.15485714,2.80962500,23.76034398,4.45387500,2.53550000,114.86737500,0.43962500,0.68587500,0.22550000,3.82750000,3309.42893333,1.79850000,0.37900000,10.53850000,145.05986666,2.94225000,23.98912500,2.22425000,1038.33675000,113.08162500
DD17TUR017,173.0,174.0,0.90044444,7.67705880,40.97633333,516.31788888,4.23666666,3.29908447,0.61577777,65.58733333,24.68944444,297.06285714,10.93333333,521.58800000,4.33988888,2.52544444,0.71877777,7.69372111,11.44255555,5.99377777,2.05311111,2.62500000,1.42422222,0.72900000,0.59722222,2.22343087,106.16577777,0.35655555,0.97985403,5.64992784,543.41211111,10.79088888,1.48893785,8.74355555,38.79855555,18.64022222,0.07074192,216.31933333,3.43888888,158.26922222,0.01477777,0.81247527,25.78566666,14.73000000,3.60655555,23.76057192,5.42711111,2.54855555,128.14300000,0.59166666,0.64411111,0.24233333,4.22333333,3554.65818750,1.55644444,0.38200000,9.75011111,174.38075000,6.13111111,23.33877777,2.18211111,382.93400000,111.21411111
DD17TUR017,174.0,175.0,0.95311111,6.22416352,51.39611111,329.39355555,3.30500000,2.68756945,0.90288888,65.34188888,30.35077777,315.44700000,9.99844444,627.16555555,3.46777777,2.46366666,0.64344444,10.78406555,10.87966666,9.24577777,2.15566666,2.35400000,2.84422222,0.87622222,0.39655555,2.74570096,160.01388888,0.35977777,0.98188764,7.19865496,847.98533333,6.58500000,0.34662457,7.38911111,40.09877777,37.58266666,0.05130250,83.92177777,3.45244444,190.94433333,0.01277777,1.16719160,22.51255555,15.72400000,2.81333333,21.01625122,4.95688888,1.98222222,47.91033333,0.49844444,0.67744444,0.22711111,7.61533333,3359.14058823,0.85366666,0.31055555,11.64533333,151.76123529,11.07455555,22.00400000,2.11100000,382.53522222,82.72188888
DD17TUR017,175.0,176.0,0.93816666,6.83703244,52.88341666,319.44858333,2.46058333,2.98113753,1.06516666,65.26158333,27.07516666,334.42045454,10.41825000,588.64891666,3.14141666,2.53883333,0.60383333,11.69128694,10.54958333,10.22575000,1.72541666,2.35741666,2.03691666,0.89166666,0.39558333,2.58718100,165.49458333,0.36375000,0.98252297,7.15566194,922.42458333,9.02641666,0.25157999,7.26725000,40.26283333,31.92108333,0.05725953,204.18375000,3.85475000,167.96050000,0.01350000,0.22713111,26.99958333,13.54563636,2.46850000,23.22653001,5.16816666,2.85300000,82.95225000,0.49416666,0.68983333,0.25766666,5.75225000,3443.09191304,1.14283333,0.29150000,11.85050000,147.88482608,4.15700000,20.40991666,2.13608333,433.84500000,88.91416666
DD17TUR017,176.0,177.0,0.94477777,6.76502460,56.57188888,430.75700000,3.58700000,2.92862017,1.32522222,64.05277777,28.21822222,330.49962500,10.65144444,405.83522222,3.48944444,2.54644444,0.62055555,10.61373294,11.34644444,10.61011111,1.93655555,2.38255555,2.53666666,0.86444444,0.45700000,2.30628211,143.72211111,0.36244444,0.97995228,6.93672727,956.09444444,9.11233333,0.32047263,7.31233333,39.34088888,34.62622222,0.05322351,197.76622222,3.42511111,181.58844444,0.01266666,0.57477408,23.65144444,13.45175000,2.80444444,23.73832970,4.79666666,2.50000000,74.41588888,0.54844444,0.68866666,0.18577777,6.07955555,3556.50170588,0.98822222,0.35800000,12.68022222,145.37335294,4.97122222,22.78900000,2.12088888,562.15844444,99.51077777
DD17TUR017,177.0,178.0,0.95500000,6.45371107,48.11125000,338.08312500,4.22100000,2.13107768,1.04675000,67.39250000,31.88100000,330.57242857,10.00137500,433.08337500,3.30662500,2.46175000,0.62587500,11.36294582,8.99562500,9.59587500,1.07075000,2.49825000,1.79325000,0.91575000,0.38350000,2.46115157,363.36450000,0.35725000,0.98091275,7.45996065,903.08550000,7.43537500,0.22964522,7.53237500,39.59150000,48.86075000,0.03503702,274.62937500,4.04725000,194.79562500,0.01262500,0.52941791,23.00075000,13.75914285,4.82825000,21.14719224,5.47512500,1.62637500,30.31925000,0.62425000,0.68700000,0.23937500,7.66412500,3581.81713333,1.36737500,0.29625000,11.26025000,146.24933333,10.08125000,24.15675000,2.16700000,620.99337500,82.44875000
DD17TUR017,178.0,179.0,1.08783333,6.02951452,51.52400000,289.11600000,4.84216666,1.40170985,1.31583333,64.63333333,23.78850000,223.24350000,11.25000000,633.93550000,3.27650000,2.57316666,0.60850000,9.97588833,9.27966666,9.68050000,2.39050000,2.25533333,2.10800000,0.82783333,0.41366666,3.15922780,137.36516666,0.36966666,0.94730631,8.18788792,639.09100000,12.24916666,0.07859182,8.84683333,39.45633333,50.03666666,0.01707075,430.74683333,4.81666666,203.30500000,0.01166666,0.35666860,39.16050000,13.05900000,6.99283333,20.86453157,4.53400000,1.87916666,22.81050000,0.53066666,0.71533333,0.24583333,7.12183333,3658.49970000,1.69483333,0.28033333,14.50650000,147.63230000,11.94666666,18.68316666,2.34683333,1374.24466666,71.27300000
DD17TUR017,179.0,180.0,0.97033333,6.80295972,52.13088888,211.99733333,2.40411111,2.84397881,1.26711111,68.95344444,30.81300000,313.56875000,10.07422222,407.18000000,3.54355555,2.53522222,0.60788888,11.60832482,11.31033333,8.21688888,1.53877777,2.46633333,2.34933333,0.94088888,0.54277777,2.24120263,138.14333333,0.37488888,0.98258390,6.74891976,948.27633333,8.00966666,0.33965102,7.28988888,40.67244444,27.09577777,0.06415087,478.07333333,3.55922222,143.91300000,0.01277777,0.39832815,20.47533333,13.50675000,4.03433333,24.00266082,5.31555555,2.77444444,63.44466666,0.52544444,0.68955555,0.27188888,6.71688888,3546.21929411,1.08666666,0.33866666,12.14655555,141.99441176,10.42422222,18.44811111,2.07288888,1791.99366666,91.99888888
DD17TUR017,180.0,181.0,0.88181818,5.98964010,41.71627272,115.81027272,1.98954545,5.08392524,0.92636363,67.09181818,30.82018181,262.15000000,10.38663636,396.78836363,4.15754545,2.53472727,0.62972727,9.64646848,9.93772727,8.51872727,2.19727272,2.26227272,1.62245454,0.88381818,0.64727272,1.51422514,143.79945454,0.34727272,0.97559646,4.99128659,902.48581818,9.41800000,0.47875086,7.60318181,40.10327272,34.67263636,0.05692297,203.21527272,4.36690909,110.14418181,0.01481818,0.58456881,20.79327272,15.02130000,2.71409090,23.45926023,6.01527272,2.82545454,109.99445454,0.56563636,0.65836363,0.19645454,5.31881818,3864.01890476,1.29300000,0.38909090,10.13563636,158.10276190,7.01536363,17.03527272,2.21100000,747.95290909,77.42390909
DD17TUR017,181.0,182.0,0.94114285,6.39099541,59.39457142,173.76071428,2.42757142,3.07397928,0.68471428,66.31585714,26.50985714,256.96542857,10.43500000,570.66685714,3.39857142,2.50200000,0.51900000,13.02305237,10.88685714,9.94900000,1.09785714,2.27742857,2.13228571,0.78457142,0.72842857,1.94219282,157.12957142,0.39071428,0.98487438,6.60616167,998.60128571,6.69742857,0.26871710,7.12571428,40.01271428,36.15828571,0.05551530,242.16100000,4.00457142,145.74471428,0.01400000,0.61617930,25.65028571,10.94257142,3.77400000,22.17573880,5.54614285,1.97800000,64.58585714,0.67400000,0.68285714,0.25514285,5.67142857,3013.75321428,0.90528571,0.30628571,13.27314285,134.30250000,3.36300000,22.20285714,2.19742857,479.44071428,93.38685714
DD17TUR017,182.0,183.0,1.04966666,7.24061492,62.34433333,162.75633333,2.41283333,2.93932172,1.10650000,67.66800000,29.38033333,322.20500000,11.24800000,411.65233333,3.62800000,2.53366666,0.61900000,10.58141055,10.83650000,10.49650000,1.70333333,2.30883333,2.15950000,0.77833333,0.84233333,2.15220524,102.66966666,0.35800000,0.97668049,6.36877370,1009.54883333,12.47616666,0.26965992,7.45100000,40.02966666,38.62283333,0.05424616,358.18633333,3.94850000,121.86233333,0.01316666,0.22567426,29.03283333,11.13820000,4.03133333,23.78465260,5.40483333,3.00566666,103.42350000,0.46350000,0.72166666,0.19150000,6.48766666,3512.51190909,1.41633333,0.37183333,10.94433333,131.38400000,3.23200000,18.05333333,2.15266666,1207.38033333,102.88516666
DD17TUR017,183.0,184.0,0.99890000,7.29825103,40.40750000,216.80460000,1.30700000,3.31352812,0.71200000,65.06360000,31.05280000,270.79822222,10.94080000,377.41740000,3.70010000,2.56720000,0.65250000,10.48881967,9.69800000,8.18950000,1.41350000,2.55900000,2.33850000,0.80590000,0.46670000,1.73208064,160.11650000,0.34510000,0.98176569,5.00532865,1065.79740000,10.06350000,0.34163083,7.34950000,40.16180000,23.58730000,0.07313425,143.49680000,3.01700000,113.88340000,0.01270000,0.29474677,29.85150000,15.96822222,4.40240000,23.23617546,5.18080000,2.62530000,182.71290000,0.59380000,0.69060000,0.20760000,5.11330000,3749.13789473,0.80450000,0.40890000,9.83680000,164.29763157,5.95860000,17.48010000,2.15760000,392.39940000,115.29210000
DD17TUR017,184.0,185.0,1.01366666,6.65765653,44.41233333,121.75022222,2.46711111,2.56992388,1.20422222,69.87133333,34.02888888,163.39637500,10.47866666,726.49966666,3.52788888,2.51122222,0.57788888,11.35294520,11.31900000,7.74444444,1.36088888,2.42866666,1.72644444,0.85466666,0.54133333,2.32430643,202.92255555,0.35666666,0.98482170,6.40494948,860.66266666,7.91900000,0.21801068,7.55222222,39.81933333,50.13988888,0.03915452,135.71577777,3.66677777,159.56133333,0.01366666,0.50019102,23.38222222,11.90987500,4.74433333,22.65433502,4.98066666,3.12788888,91.50044444,0.60533333,0.67155555,0.23022222,9.37555555,3404.96217647,0.92200000,0.31744444,15.54211111,148.38158823,10.63222222,23.35355555,2.08955555,1404.62733333,94.94422222
DD17TUR017,185.0,186.0,0.90845454,7.54172994,52.31600000,202.50281818,1.85290909,3.56098936,0.93663636,67.36536363,26.23063636,201.09890909,11.18436363,613.77381818,4.04018181,2.56854545,0.58018181,10.26483939,10.94300000,7.00163636,1.61927272,2.22436363,1.98618181,0.76672727,1.05954545,1.36193520,152.31636363,0.37027272,0.98890179,4.70143935,778.45681818,7.18072727,1.63247362,8.04872727,39.38772727,34.89818181,0.07244939,308.44627272,3.01700000,109.58472727,0.01472727,0.80735835,30.72163636,12.43009090,2.02972727,23.62126383,5.09481818,1.81963636,235.50109090,0.59581818,0.65954545,0.19027272,4.80681818,3238.04154545,1.11845454,0.40381818,9.56490909,147.85977272,4.09563636,19.67445454,2.05481818,884.54681818,117.33690909
DD17TUR017,186.0,187.0,0.89350000,7.73948627,52.12890000,237.87220000,2.15300000,4.37939443,0.84350000,67.95780000,19.11120000,158.35725000,10.73010000,662.97650000,3.91640000,2.52830000,0.67010000,8.21175599,11.43140000,6.00870000,1.70600000,2.14870000,2.72050000,0.77550000,1.11570000,0.99641582,98.57330000,0.36080000,0.97757886,3.78635220,535.89520000,12.39310000,2.47632471,9.65260000,39.42710000,23.45270000,0.11679431,318.05840000,3.10090000,53.44250000,0.01620000,0.81735367,36.28210000,13.29062500,3.32980000,25.78048631,4.99200000,2.03830000,162.94580000,0.58370000,0.69720000,0.19040000,4.22110000,3632.33033333,0.42960000,0.31610000,8.74110000,145.69944444,4.52300000,21.93460000,2.23970000,1001.17040000,121.88530000
DD17TUR017,187.0,188.0,0.91028571,7.91068415,52.42014285,247.40371428,1.53257142,3.80181661,0.43285714,68.50842857,28.92914285,157.49442857,10.63528571,514.39571428,4.37500000,2.51700000,0.60342857,9.18969001,9.64114285,5.96728571,2.60271428,2.36014285,0.90514285,0.83942857,0.74314285,1.28034168,160.95400000,0.35457142,0.99122450,4.41604257,658.68971428,8.48800000,2.21989184,8.65985714,40.12885714,24.75885714,0.07340362,340.65328571,3.08171428,91.85614285,0.01628571,1.28183188,32.50028571,13.66828571,3.10814285,24.89548950,5.18500000,2.59542857,208.70514285,0.53157142,0.65500000,0.22014285,4.52357142,3711.30214285,0.78657142,0.39328571,9.36514285,167.81542857,11.19771428,21.52800000,1.96857142,698.31285714,115.87814285
DD17TUR017,188.0,189.0,0.86985714,7.49524505,40.97314285,281.05857142,1.02000000,3.06778861,0.47242857,66.91071428,28.49314285,125.79916666,11.15742857,1621.49871428,4.00228571,2.50414285,0.63585714,9.50236762,10.18571428,7.00828571,1.70871428,2.34500000,1.71157142,0.80557142,0.63371428,1.37805170,167.95128571,0.34600000,0.98643805,4.14558768,554.32771428,10.25800000,0.90580383,8.51900000,39.64685714,38.63657142,0.06087298,199.31728571,4.55914285,116.12385714,0.01542857,1.83153016,22.73357142,13.55533333,3.70528571,22.90898633,5.23557142,1.99342857,164.50328571,0.52742857,0.68285714,0.20771428,7.00485714,3367.75576923,1.48942857,0.36171428,10.55085714,157.32300000,12.24714285,20.07228571,2.13057142,273.02300000,116.98457142
DD17TUR017,189.0,190.0,0.89500000,6.43511831,58.19990000,135.20100000,2.20630000,1.76013150,0.58210000,67.63460000,26.79120000,85.34500000,10.17300000,1497.54710000,3.89920000,2.50810000,0.58190000,9.25508767,7.37230000,6.72430000,1.38010000,2.26300000,2.21880000,0.75350000,1.03130000,2.10631308,56.86410000,0.34900000,0.97486843,2.69701768,424.52430000,52.57610000,0.87747361,8.76240000,40.30040000,35.82500000,0.06035916,271.53950000,4.15350000,109.67920000,0.01710000,1.30048641,27.08900000,11.50250000,3.48970000,25.23544302,5.21760000,2.67130000,81.82580000,0.53820000,0.66190000,0.22660000,8.78110000,1767.70811111,1.58850000,0.33750000,9.09620000,144.59566666,4.96500000,16.72950000,2.22740000,664.41760000,78.59370000
DD17TUR017,190.0,191.0,0.95350000,5.45771931,46.90857142,116.38478571,2.28350000,2.82798236,0.93557142,67.22442857,26.12000000,86.86757142,10.47057142,645.36235714,3.55907142,2.53700000,0.64521428,9.55185833,7.14978571,4.88021428,1.45450000,2.31985714,2.16100000,0.73600000,0.87628571,1.37447621,71.41478571,0.35021428,0.98388230,5.14585964,523.31750000,54.94628571,1.07860018,9.07392857,39.26028571,39.50357142,0.05363152,219.15735714,4.92100000,122.52728571,0.01728571,1.56871703,36.73464285,11.34035714,3.48057142,25.72399315,5.31521428,2.87507142,101.33557142,0.56635714,0.70021428,0.24307142,8.50464285,2313.21803571,0.94207142,0.32735714,10.04985714,119.87114285,12.55435714,16.96600000,2.03264285,473.42578571,84.94771428
DD17TUR017,191.0,192.0,1.27733333,4.89009753,47.43155555,253.96688888,2.56500000,3.19451500,8.70122222,68.05377777,38.50188888,61.49525000,9.18000000,740.69755555,3.27555555,2.71677777,0.62366666,12.19695517,8.77855555,6.46166666,1.64166666,2.27033333,2.19300000,0.69500000,0.72311111,1.70228641,49.50277777,0.36455555,0.97311813,7.51413228,632.88244444,12.31822222,0.69682020,8.87833333,40.04422222,39.23233333,0.02781072,251.34933333,6.66022222,164.36455555,0.01577777,3.09943893,26.56666666,5.53850000,2.80277777,22.00216930,6.03866666,3.52877777,44.12155555,0.46677777,0.70555555,0.34166666,11.23500000,1167.22752941,0.73888888,0.26900000,13.77533333,84.44794117,8.39200000,23.78655555,2.04333333,729.42366666,61.67966666
DD17TUR017,192.0,193.0,0.99690000,4.04652140,51.68220000,249.49870000,2.24280000,4.01253302,1.28710000,66.30500000,30.99610000,36.23911111,9.98190000,901.35500000,3.50680000,2.53980000,0.60800000,11.41787299,9.03350000,6.70530000,1.42810000,2.74280000,2.94700000,0.83300000,0.48220000,2.69358618,60.05500000,0.36390000,0.98201001,9.79249023,672.15040000,6.60670000,0.09112284,8.35110000,40.68420000,52.05140000,0.02884913,228.77180000,6.70000000,230.72910000,0.01510000,1.99566746,20.01570000,7.00377777,3.53330000,22.82889954,5.06390000,2.95210000,13.15560000,0.62650000,0.67780000,0.18870000,8.55620000,1301.21915789,1.17040000,0.30590000,10.40390000,90.91778947,9.90160000,21.40380000,2.13520000,661.13330000,55.27830000
DD17TUR017,193.0,194.0,3.04700000,3.82681830,12.34300000,34.75000000,2.61200000,0.75206460,2.86800000,62.12600000,52.30500000,32.93300000,8.69200000,1765.32100000,4.17000000,2.52100000,0.51500000,14.67671670,5.17800000,7.17000000,0.69700000,2.38400000,6.84700000,0.59800000,0.27900000,1.49817100,98.95500000,0.34000000,0.98535259,10.03226780,718.79700000,11.38300000,0.06011640,7.33200000,41.47400000,11.11100000,0.00564340,7.53100000,6.34900000,183.74400000,0.01000000,2.87231350,33.01000000,7.24900000,0.64100000,16.11435670,5.33100000,7.46200000,7.37600000,0.29200000,0.71300000,0.10200000,13.42700000,728.00500000,2.27400000,0.22800000,11.79000000,92.05650000,2.79600000,19.23400000,1.97900000,417.98800000,72.38900000
DD17TUR017,194.0,195.0,1.79200000,3.40378058,60.05712500,114.31775000,2.40837500,4.24535958,24.93050000,77.91575000,40.55062500,53.74687500,6.69212500,754.45112500,3.07662500,2.82537500,0.51712500,17.61959457,5.89687500,10.14737500,1.08500000,2.32700000,2.53487500,0.65150000,1.10137500,1.76186098,99.88587500,0.36025000,0.98085387,9.39058726,610.49650000,2.54512500,0.11572906,7.97437500,40.99712500,74.47100000,0.02908192,195.25812500,6.46012500,146.78625000,0.01400000,0.99039678,25.07575000,5.53612500,4.94787500,20.40849662,5.02387500,2.64300000,9.01537500,0.59175000,0.70825000,0.23125000,13.27412500,1011.41250000,1.05725000,0.22800000,10.69987500,85.13081250,3.46812500,19.92662500,1.97762500,831.12262500,44.95975000
DD17TUR017,195.0,196.0,0.92300000,2.50657902,56.46260000,249.86370000,2.03540000,10.36358308,0.84530000,65.67080000,23.55390000,50.23150000,11.01220000,458.04660000,3.78350000,2.55000000,0.57610000,9.20947267,6.00300000,7.59560000,1.88110000,2.56440000,1.47140000,0.78330000,0.77230000,1.43224296,49.28350000,0.34600000,0.97500919,10.26531247,783.94370000,8.34460000,0.08078788,7.92770000,38.69650000,34.96460000,0.06909595,310.90490000,6.57680000,118.68560000,0.01380000,0.61987295,2.40160000,3.69025000,2.04130000,26.25392241,4.56970000,3.14790000,8.62820000,0.55310000,0.73590000,0.15280000,5.94990000,1372.48122222,1.33980000,0.31070000,10.16670000,69.13955555,4.23210000,20.61740000,2.07910000,1058.58280000,37.36070000
DD17TUR017,196.0,197.0,5.88050000,2.36105386,52.84590000,119.92860000,2.28700000,5.19061372,20.83740000,76.10780000,45.23400000,43.99633333,5.84770000,805.53390000,2.90910000,2.84220000,0.54500000,19.45153599,7.19000000,9.29810000,1.05490000,2.64710000,2.57010000,0.64790000,1.15590000,1.77967096,156.09580000,0.34430000,0.97621937,9.74758582,570.00020000,3.17650000,0.10383537,7.76670000,41.83480000,65.44000000,0.03111280,213.19700000,6.30480000,129.94840000,0.01810000,0.96820948,27.76440000,6.23177777,6.90480000,19.82443962,4.96000000,4.16990000,5.43770000,0.58400000,0.68780000,0.16410000,11.89370000,986.00973684,1.48760000,0.22800000,15.16600000,77.19615789,9.45120000,16.64630000,1.78550000,557.89820000,37.99730000
DD17TUR017,197.0,198.0,124.70900000,1.17492507,35.48466666,199.18422222,3.16822222,1.70162411,56.88155555,99.19244444,128.98766666,31.80177777,3.43900000,419.62966666,2.94466666,1.88888888,0.51300000,29.76904113,12.14422222,10.62577777,1.21977777,2.55733333,5.70288888,0.68100000,1.26200000,0.81037304,491.85744444,0.23077777,0.86811065,6.02051995,392.24655555,1.66422222,0.04397047,8.75355555,40.95611111,43.34600000,0.00979066,271.11788888,7.34200000,126.06822222,0.02155555,1.62878573,147.12366666,3.57100000,8.07144444,10.87636748,4.60011111,2.83722222,8.53444444,0.71077777,0.69500000,0.35922222,12.10477777,1095.12961111,2.25544444,0.22800000,48.66655555,107.65488888,22.43677777,8.96777777,1.36900000,429.48444444,34.34211111
DD17TUR017,198.0,199.0,61.84385714,2.14124358,55.94342857,121.53228571,2.29514285,2.85054855,33.52242857,85.43685714,49.88814285,67.82566666,6.46785714,508.81928571,3.18628571,2.16042857,0.52428571,21.34487524,9.38742857,8.68628571,1.09128571,2.37028571,2.85785714,0.64342857,1.49400000,1.31103005,341.86628571,0.29585714,0.91663951,7.47922421,410.17071428,14.34471428,0.08047253,8.48685714,41.76428571,51.75871428,0.02662565,238.51800000,6.48614285,101.48157142,0.02042857,0.66926960,70.59685714,5.03933333,7.07700000,14.58559023,4.38685714,2.22457142,9.06700000,0.55257142,0.67942857,0.24685714,10.72214285,871.00069230,2.36285714,0.24642857,14.05042857,82.03661538,3.05942857,11.84985714,1.86314285,712.19742857,39.44985714
DD17TUR017,199.0,200.0,16.70087500,3.42987202,51.83812500,160.99700000,2.74062500,4.79866037,16.22312500,74.61200000,45.49200000,43.02700000,6.93437500,856.55362500,3.42437500,2.41437500,0.58325000,17.96083668,7.38925000,6.61475000,1.50350000,2.24925000,2.73162500,0.77287500,0.85162500,1.74361978,139.73462500,0.32225000,0.97326971,8.57683910,573.74037500,3.71537500,0.10188414,8.16725000,41.29962500,64.34887500,0.03832007,159.98875000,7.05350000,173.44137500,0.01375000,2.09140288,39.25437500,7.28542857,6.09475000,18.09080311,4.80112500,3.74112500,11.48062500,0.41500000,0.69212500,0.29475000,15.25437500,1001.23793333,1.45312500,0.24812500,13.36262500,81.19900000,10.51587500,16.70250000,1.84787500,475.42362500,50.50137500
DD17TUR017,200.0,201.0,3.05977777,4.45340348,51.90566666,116.74100000,3.06811111,3.14684182,12.70888888,74.26100000,46.74033333,49.80637500,7.21711111,588.26166666,3.05688888,2.68033333,0.56877777,16.04875073,7.97766666,8.63988888,1.71811111,2.38388888,2.74944444,0.71100000,0.70888888,2.36504878,74.33511111,0.36566666,0.97417774,10.37116212,568.25911111,4.48455555,0.10433655,8.25400000,41.00255555,84.55866666,0.01832631,140.97922222,7.13833333,221.88888888,0.01733333,0.92874247,23.77388888,5.39362500,3.96022222,20.49423888,4.89366666,2.22188888,11.03333333,0.67933333,0.68366666,0.17366666,11.03355555,1130.98223529,1.88433333,0.26066666,15.34566666,87.51147058,7.99088888,17.98577777,1.93811111,386.76266666,54.52155555
DD17TUR017,201.0,202.0,2.81388888,3.33166621,46.20222222,330.23744444,2.61811111,5.83195016,13.86400000,75.10533333,43.04222222,54.54712500,8.38188888,465.55733333,3.48800000,2.59288888,0.51366666,14.60735147,6.30011111,7.16611111,1.97288888,2.48488888,2.07600000,0.72644444,0.73322222,2.30408678,137.72522222,0.34944444,0.98113265,10.21712907,499.88077777,6.11655555,0.05048208,8.18344444,40.10955555,47.34844444,0.02985477,244.24933333,6.49444444,162.57166666,0.01888888,0.57907717,18.97566666,6.91737500,4.13400000,22.21229432,5.14066666,3.00488888,9.09955555,0.55577777,0.71077777,0.28200000,11.63777777,1535.73211764,1.06422222,0.27477777,15.05977777,74.34670588,8.29788888,22.99522222,1.89700000,931.42422222,56.84255555
DD17TUR017,202.0,203.0,1.03770000,4.33526254,37.86680000,290.77590000,2.77650000,5.60833192,6.66180000,71.86730000,34.94460000,43.39100000,9.97480000,761.61870000,3.41600000,2.53160000,0.61800000,12.06788500,5.69960000,6.42700000,1.81920000,2.29980000,1.76900000,0.79500000,0.95880000,1.64699661,76.94380000,0.35480000,0.98311771,7.42927404,738.53330000,7.66840000,0.22496741,8.06930000,39.79700000,44.09290000,0.03618917,321.05260000,6.70050000,99.17570000,0.01460000,0.99590458,17.05100000,6.97444444,4.90590000,24.77298552,5.17810000,3.12260000,38.44530000,0.52390000,0.69520000,0.17430000,8.76920000,1474.62957894,1.61140000,0.30080000,13.09090000,78.71084210,5.25650000,15.20340000,2.06880000,829.14110000,59.14320000
DD17TUR017,203.0,204.0,0.93070000,4.49422371,43.17860000,383.22120000,1.62220000,5.15595658,0.66320000,67.86190000,28.25900000,47.33077777,10.93080000,720.32760000,4.19130000,2.64270000,0.67230000,9.81488766,8.19780000,5.30870000,2.12510000,2.00110000,2.31920000,0.72100000,0.56620000,1.69332080,59.36060000,0.36310000,0.97911323,7.55276414,593.21480000,7.82860000,0.40065875,9.55020000,39.79380000,34.05360000,0.04523875,180.33090000,6.83950000,154.60690000,0.01300000,0.93277162,20.06940000,7.54644444,2.64750000,26.79686707,4.58660000,1.99660000,28.79950000,0.58210000,0.71630000,0.17550000,7.13120000,1013.80115789,1.00400000,0.38080000,12.40120000,79.10700000,10.02480000,19.58210000,2.18910000,653.67660000,87.39000000
DD17TUR017,204.0,205.0,1.21912500,5.18479071,56.27525000,220.88687500,2.01800000,5.43277355,0.65450000,70.91625000,24.49500000,44.74885714,11.15275000,780.80350000,3.96462500,2.52375000,0.66850000,9.22575581,8.33775000,6.09087500,2.55862500,2.20125000,2.31925000,0.77600000,0.45412500,2.30540907,38.48287500,0.35975000,0.98420225,9.06731927,626.43900000,7.91262500,0.26193527,9.09900000,40.01325000,30.43350000,0.04675717,272.55550000,6.53625000,182.33437500,0.01337500,0.86485555,29.01275000,8.77257142,2.57237500,25.24075745,5.06700000,1.97662500,24.65812500,0.50750000,0.68987500,0.15287500,7.82037500,1247.61913333,1.60025000,0.36950000,10.65762500,85.83480000,4.36412500,20.38162500,2.22462500,1018.83375000,71.47337500
DD17TUR017,205.0,206.0,1.02311111,5.50235547,60.77577777,249.91311111,1.72933333,6.57138048,1.08533333,69.92377777,21.00455555,54.15400000,11.09966666,746.87611111,3.91388888,2.58322222,0.63666666,7.64701481,6.63088888,5.75022222,1.44788888,2.20844444,1.69955555,0.74000000,0.62066666,1.58533827,40.35300000,0.35755555,0.97961721,6.22553403,636.27900000,12.76922222,0.39481600,9.96744444,38.84866666,26.59611111,0.06239513,192.28000000,6.86866666,127.85177777,0.01155555,0.76380986,11.71400000,7.70337500,3.38088888,27.89530013,4.49122222,1.66466666,74.40755555,0.54811111,0.69733333,0.21600000,6.25422222,1290.72023529,0.76066666,0.32377777,11.22555555,83.64117647,5.69933333,17.69722222,2.16711111,1065.65900000,68.66388888
DD17TUR017,206.0,207.0,0.94012500,4.58668455,57.56687500,304.65362500,1.46425000,5.97692232,0.57100000,67.98125000,24.92312500,44.84557142,10.87075000,683.87825000,4.13300000,2.59150000,0.67225000,9.83919041,8.07150000,5.81462500,1.24250000,2.26637500,2.31500000,0.75325000,0.83150000,1.90286062,50.03737500,0.36500000,0.97398728,7.34891440,636.54562500,10.00762500,0.29861452,9.07100000,39.26737500,43.00325000,0.04691271,241.86837500,7.39025000,146.50650000,0.01262500,0.93268122,14.78125000,7.16257142,2.71000000,24.96269850,4.84987500,2.49537500,25.62225000,0.57537500,0.68912500,0.21187500,7.08825000,1098.90753333,1.62462500,0.32800000,11.15100000,79.45466666,5.00887500,16.33437500,2.15512500,675.05725000,55.26100000
DD17TUR017,207.0,208.0,0.88860000,4.56591290,54.39660000,355.75460000,1.08800000,5.10426293,0.22040000,67.09120000,22.21840000,52.07577777,11.34210000,627.96510000,4.11160000,2.53210000,0.63730000,8.66678401,7.10110000,4.83840000,1.29580000,2.28440000,1.66220000,0.69470000,0.70210000,1.51145683,38.86980000,0.35600000,0.98270986,5.55244928,489.07300000,11.55500000,0.52863808,9.52880000,38.66840000,20.07490000,0.04536914,230.57850000,6.12610000,110.50670000,0.01510000,0.85248881,15.79780000,7.32766666,4.18060000,27.80525894,4.36220000,1.50030000,63.57470000,0.54980000,0.69030000,0.16630000,5.04980000,1160.29768421,1.26470000,0.35650000,10.04330000,67.95452631,6.22480000,16.18100000,2.09790000,663.16980000,71.23230000
DD17TUR017,208.0,209.0,0.91814285,4.52333378,40.40385714,152.44885714,2.42500000,2.87848477,1.52257142,66.08471428,30.69685714,37.85214285,9.82657142,1599.91200000,3.54171428,2.47042857,0.61085714,10.72043714,7.69457142,6.64414285,1.40000000,2.32042857,2.73085714,0.83385714,0.45557142,1.47068845,52.01042857,0.35100000,0.98094700,6.45131912,611.78514285,13.63185714,0.48143042,8.34485714,40.06185714,54.95342857,0.04484975,301.48371428,7.01814285,168.01657142,0.01557142,3.16285265,22.13571428,7.99985714,2.55414285,23.53293661,4.93642857,2.90571428,64.08528571,0.49800000,0.71385714,0.20257142,11.39814285,981.24471428,1.43557142,0.30771428,13.99442857,77.13971428,12.69742857,19.36771428,2.06085714,701.78514285,60.43614285
DD17TUR017,209.0,210.0,0.98800000,5.50680925,44.47271428,164.00542857,1.68657142,1.77542096,0.43242857,69.87442857,57.23571428,82.98383333,10.42514285,1035.71785714,3.53857142,2.46000000,0.56585714,8.34359761,7.72742857,5.60857142,1.57700000,1.95800000,2.26885714,0.76628571,0.83871428,1.64096340,38.52714285,0.34942857,0.98505384,2.75123146,281.02942857,23.70114285,1.60055018,10.58142857,40.35557142,36.51700000,0.03969696,167.95114285,6.14914285,114.00014285,0.01828571,3.51285216,31.37971428,8.16850000,1.38400000,26.88397223,5.02228571,2.14414285,92.69371428,0.47785714,0.74657142,0.18857142,10.81057142,1498.89930769,1.30671428,0.28657142,8.11271428,98.76546153,10.62885714,15.81757142,2.26771428,293.07628571,88.81085714
DD17TUR017,210.0,211.0,0.85900000,4.92545916,68.06400000,22.71100000,0.12300000,2.87881123,2.69600000,80.77600000,46.98900000,43.19250000,5.37700000,1765.00000000,2.84300000,2.61100000,0.51300000,15.13739000,7.56200000,4.66600000,1.88400000,2.33200000,2.79700000,0.86400000,2.20100000,1.73008836,54.21800000,0.33700000,0.98583080,7.01990185,368.27600000,5.00800000,0.33643733,9.63700000,40.81100000,43.68800000,0.04511073,513.47200000,8.24100000,134.34300000,0.02400000,2.00225803,45.05000000,7.09033333,1.29200000,24.54994393,5.10100000,2.53700000,25.76900000,0.63300000,0.69000000,0.40000000,16.53200000,1112.30771428,2.51100000,0.22800000,10.10100000,95.53557142,3.82300000,20.26800000,2.07100000,1594.33000000,58.17300000
DD17TUR017,211.0,212.0,,,,,,,,,,,,,,,,,,,,,,,,,,,,,,,,,,,,,,,,,,,,,,,,,,,,,,,,,,,,,
DD17TUR017,212.0,213.0,,,,,,,,,,,,,,,,,,,,,,,,,,,,,,,,,,,,,,,,,,,,,,,,,,,,,,,,,,,,,
DD17TUR017,213.0,214.0,,,,,,,,,,,,,,,,,,,,,,,,,,,,,,,,,,,,,,,,,,,,,,,,,,,,,,,,,,,,,
DD17TUR017,214.0,215.0,,,,,,,,,,,,,,,,,,,,,,,,,,,,,,,,,,,,,,,,,,,,,,,,,,,,,,,,,,,,,
DD17TUR017,215.0,216.0,0.92900000,6.17568632,25.99750000,51.86600000,2.42900000,1.48058996,2.08550000,72.80250000,42.65350000,45.78880000,10.07900000,1133.67200000,3.61100000,2.39550000,0.88500000,10.10405000,9.37600000,8.26350000,2.04250000,2.18750000,2.05100000,0.87850000,1.01100000,2.81485944,25.85950000,0.33450000,0.97297468,4.31137126,405.33900000,27.07600000,0.85858146,10.62900000,41.04700000,34.41450000,0.05013582,25.17200000,6.94800000,166.00000000,0.01050000,1.11086130,13.45500000,6.77300000,8.93700000,27.66607254,4.69950000,1.86550000,5.87950000,0.40650000,0.65750000,0.26400000,8.92650000,1551.09728571,2.02700000,0.30750000,12.47950000,86.84614285,9.83950000,24.22000000,2.28100000,71.99400000,46.11000000
DD17TUR017,216.0,217.0,1.08657142,5.65452822,62.08914285,108.96614285,2.86200000,3.97925440,7.94514285,74.52100000,30.33000000,44.72020000,10.34785714,1780.47171428,3.65985714,2.53400000,0.59671428,10.45437428,6.92900000,6.35657142,2.78671428,2.31457142,1.08085714,0.71828571,1.31242857,1.17403756,47.62814285,0.34285714,0.97686683,5.20810494,611.82528571,9.69028571,1.81669646,9.20700000,40.29742857,41.03600000,0.05769910,239.83100000,7.48671428,114.71028571,0.01371428,1.81841142,42.27071428,4.39040000,3.54428571,21.41177322,5.48271428,2.01028571,80.70057142,0.53300000,0.69342857,0.23500000,7.73685714,842.71733333,0.98771428,0.28585714,10.16414285,82.14566666,3.58314285,17.55228571,2.27628571,1219.57357142,84.12757142
DD17TUR017,217.0,218.0,1.01390909,4.45423646,48.79518181,111.51790909,2.17600000,3.14630550,5.63500000,70.11945454,33.50881818,37.34390000,10.43536363,551.17945454,3.28918181,2.57645454,0.58400000,11.92404271,8.61618181,7.38581818,1.70881818,2.42690909,1.57718181,0.79281818,0.50354545,2.28163671,68.06472727,0.35463636,0.98112886,8.89646212,805.74754545,6.52445454,0.19952640,9.22627272,40.24827272,52.25236363,0.02729410,358.93072727,6.49709090,220.84936363,0.01309090,0.61218674,31.65272727,7.74680000,3.55600000,22.40503764,5.44336363,3.11181818,12.10300000,0.56009090,0.68118181,0.19063636,8.89072727,1416.01328571,1.10745454,0.30363636,10.21409090,82.28719047,4.18809090,22.79527272,2.15181818,885.68054545,58.60163636
DD17TUR017,218.0,219.0,1.10475000,5.09832473,43.34687500,338.67500000,2.14275000,1.60642285,1.25087500,67.33075000,31.38950000,43.58000000,9.55200000,837.01775000,3.10725000,2.46525000,0.57675000,11.91175210,10.55687500,6.95362500,1.40775000,2.38450000,2.43312500,0.90287500,0.20275000,3.26495641,94.93887500,0.34887500,0.97285398,8.17905766,733.21100000,7.50750000,0.13468100,10.15975000,39.64137500,49.57275000,0.02002566,269.41187500,6.48375000,270.65750000,0.01212500,1.24240248,21.60712500,8.44112500,7.16212500,21.15961096,4.63687500,2.44800000,6.35437500,0.60900000,0.68112500,0.25050000,7.87212500,1960.75062500,0.93062500,0.23762500,9.62262500,114.83237500,11.67212500,23.22362500,2.13450000,820.69387500,75.36875000
DD17TUR017,219.0,220.0,2.84070000,4.47780316,51.24410000,125.98580000,2.40470000,2.49679849,8.59810000,68.18560000,50.85040000,46.17270000,8.66650000,676.00190000,3.04520000,2.50580000,0.55740000,14.72840800,8.43320000,8.57020000,2.14900000,2.41560000,2.92020000,0.76040000,0.46560000,2.80316906,230.49810000,0.36340000,0.96993305,8.21728670,675.90920000,4.00670000,0.06645587,9.17090000,39.62690000,53.11800000,0.04724118,363.65510000,5.50220000,265.99240000,0.01530000,0.90278250,20.57220000,8.24090000,5.45020000,18.84986730,4.98050000,3.42660000,11.27930000,0.55740000,0.67560000,0.17530000,11.73700000,1853.01985000,1.01460000,0.24390000,33.37680000,97.49265000,7.89080000,36.60740000,2.07670000,502.09310000,68.31650000
DD17TUR017,220.0,221.0,0.99450000,5.62617870,64.86700000,229.42250000,2.83200000,2.06223027,1.58925000,68.78800000,25.45675000,46.00000000,9.09700000,278.14775000,3.59725000,2.45950000,0.51300000,11.18563667,8.91850000,4.52575000,0.81875000,2.43225000,2.38800000,0.74475000,0.35600000,3.80682280,51.39800000,0.36125000,0.97809130,10.77421422,313.99825000,4.14600000,0.10519277,9.78850000,40.12350000,49.13650000,0.00719570,275.60150000,6.48150000,284.09550000,0.01675000,0.16463447,28.78300000,4.86075000,2.71100000,22.36282660,5.54200000,2.67300000,5.40425000,0.67600000,0.67075000,0.43625000,10.29275000,1595.45950000,1.12000000,0.29125000,191.83325000,94.77537500,3.50500000,60.40425000,2.05700000,809.40950000,72.39400000
DD17TUR017,221.0,222.0,0.94585714,3.27904095,176.74557142,84.63457142,1.49900000,3.28455684,40.34714285,75.95071428,28.89714285,40.29742857,10.33285714,1798.56714285,3.18942857,2.49357142,0.57714285,11.36408238,8.59814285,6.31442857,2.02300000,2.56585714,2.42757142,0.81057142,0.95571428,1.94744077,64.83014285,0.36500000,0.98344240,8.12722390,825.41228571,8.28071428,0.29742695,9.81714285,40.28685714,34.56714285,0.03014948,275.29928571,7.66371428,183.32257142,0.01442857,0.89095882,19.74742857,5.88257142,2.68714285,22.50198230,5.43271428,3.38257142,13.59985714,0.56728571,0.67671428,0.24342857,8.16771428,1628.10478571,0.27128571,0.30414285,102.69114285,96.51985714,5.90471428,31.78871428,2.06400000,924.07571428,56.78157142
DD17TUR017,223.0,224.0,1.10462500,3.84685441,54.02962500,296.46000000,1.07675000,6.57691901,0.86700000,67.32200000,25.75112500,46.73185714,10.67362500,166.77175000,4.26962500,2.53762500,0.62850000,10.16791416,7.12412500,7.31687500,1.98675000,2.68162500,1.02187500,0.81300000,1.29887500,1.01989557,63.83162500,0.37475000,0.98111741,6.84843950,907.94187500,9.44562500,0.06505125,8.57637500,39.16587500,30.70150000,0.16873185,276.01525000,7.27350000,58.25412500,0.01362500,0.00242242,23.76412500,4.90985714,4.26412500,24.73717327,5.26350000,2.94212500,40.54150000,0.63512500,0.65275000,0.17187500,7.06725000,781.86660000,0.94612500,0.40400000,7.91850000,66.12513333,4.02812500,19.22737500,2.21762500,1107.99375000,95.22762500
DD17TUR017,224.0,225.0,0.92500000,7.33719420,30.72950000,778.91825000,0.45175000,2.96303787,0.58825000,65.96475000,19.42600000,35.30875000,10.90925000,310.68050000,3.56925000,2.43275000,0.84500000,7.14011585,7.93575000,6.40900000,2.96750000,2.59825000,1.61850000,0.87700000,0.29100000,3.18185762,33.51125000,0.34525000,0.97686837,5.56607042,630.59650000,9.96225000,0.59031602,12.65125000,38.81775000,30.37300000,0.05930335,178.22000000,5.60775000,278.91150000,0.01025000,0.46116795,15.17450000,12.46275000,1.26150000,27.39132557,4.75775000,1.62475000,124.42300000,0.64550000,0.66075000,0.22550000,12.97600000,1221.01987500,0.66950000,0.34950000,18.71800000,88.06387500,29.62100000,21.50500000,2.08975000,56.49575000,192.90600000
DD17TUR017,225.0,226.0,0.97022222,8.35689181,57.82955555,681.28433333,1.60177777,2.12875531,9.68722222,65.45233333,9.60322222,88.59300000,11.13477777,381.96322222,4.48122222,3.09277777,0.89033333,3.14204556,11.81933333,5.39311111,1.78922222,3.11033333,2.47011111,0.66522222,0.45455555,3.02727144,81.37966666,0.36355555,0.93562373,1.99906020,283.64000000,17.57277777,2.14640786,13.85600000,37.84022222,32.89900000,0.07484394,254.01244444,6.37055555,145.11333333,0.01244444,0.18582322,25.98388888,5.17266666,1.64344444,29.19983068,4.87555555,1.54200000,212.87255555,0.62855555,0.90000000,0.32111111,12.42755555,1152.42994444,0.95166666,0.34722222,12.52444444,64.68905555,5.75933333,20.08322222,2.18266666,772.72155555,149.30200000
DD17TUR017,226.0,227.0,0.90188888,8.37631702,53.27133333,946.38888888,1.33855555,1.53686177,2.61333333,63.99633333,8.96433333,58.50900000,11.14711111,611.91800000,5.00677777,3.03877777,0.87466666,2.43982408,12.83500000,5.38933333,2.60922222,3.29944444,1.41533333,0.64977777,0.42577777,3.77991635,27.53277777,0.37144444,0.90697647,0.64117962,180.48988888,13.78000000,2.14329614,12.87355555,38.33311111,31.87355555,0.07556632,326.02933333,6.74755555,146.38366666,0.01244444,0.09156940,19.08977777,2.44414285,1.46555555,30.64183958,4.39255555,1.75622222,289.83411111,0.49877777,0.89277777,0.35300000,7.56277777,997.46218750,2.06877777,0.41922222,10.62766666,68.25306250,14.49155555,16.64866666,2.37633333,742.23311111,112.55755555
DD17TUR017,227.0,228.0,1.11366666,6.07085368,58.73316666,281.12250000,0.63250000,2.54028158,0.53366666,71.12800000,22.97033333,46.04171428,10.93166666,1098.45983333,4.08766666,2.66000000,0.66700000,9.29627500,10.04050000,7.39750000,2.09400000,2.04933333,2.10516666,0.79433333,0.81666666,1.95558474,36.50400000,0.34500000,0.98189133,6.13807140,801.61550000,9.32266666,0.62817424,11.21816666,39.46966666,21.21166666,0.06628830,190.84383333,6.87666666,164.61766666,0.01133333,0.50665370,23.14783333,4.53242857,4.27483333,25.29279475,5.31883333,1.56333333,115.82566666,0.60266666,0.70816666,0.19183333,6.77600000,836.48330769,1.23616666,0.39216666,10.44350000,73.06800000,7.13066666,17.20800000,2.15133333,784.71750000,84.56616666
DD17TUR017,228.0,229.0,1.02071428,7.06796822,42.96971428,286.94500000,1.18885714,1.05593224,10.82271428,63.69814285,20.77357142,41.82820000,10.43928571,882.51114285,3.61828571,2.57585714,0.60628571,10.19351808,9.33542857,6.98428571,2.33157142,2.28900000,2.06242857,0.80185714,0.40414285,3.37947640,109.18928571,0.34400000,0.95017662,5.66287446,805.01585714,15.87457142,0.14204732,10.37528571,37.60457142,27.63000000,0.06140066,307.02471428,6.24157142,202.16014285,0.01185714,0.75055444,36.03628571,4.95880000,2.87900000,23.45151676,4.88785714,2.20714285,60.16100000,0.45800000,0.74042857,0.21728571,7.15871428,1958.47758333,1.76900000,0.36357142,9.32600000,99.34925000,5.83514285,18.64800000,2.30428571,948.89714285,77.20842857
DD17TUR017,229.0,230.0,0.91400000,6.36440007,39.21240000,105.66220000,2.82940000,2.89385655,1.16020000,62.13280000,31.99300000,38.88100000,9.96380000,502.43940000,3.64580000,2.48540000,0.62200000,10.25182732,12.08840000,7.32060000,2.29500000,2.62740000,1.88580000,0.86400000,0.44180000,2.29687467,119.19280000,0.35600000,0.98595057,5.10082882,782.42920000,7.68760000,0.53117392,10.38420000,37.37500000,43.11520000,0.10409615,123.38380000,4.40200000,254.95720000,0.01180000,0.42972815,18.92100000,12.97000000,2.05780000,22.04689717,4.57460000,2.08280000,33.28380000,0.72640000,0.68400000,0.15100000,13.78460000,2638.06622222,1.73700000,0.31520000,15.19860000,132.67322222,14.73720000,28.41560000,2.01680000,363.85820000,110.14240000
DD17TUR017,230.0,231.0,1.15320000,6.08321984,44.48150000,91.97560000,2.01360000,5.77546764,2.21250000,65.19030000,33.28620000,47.51988888,9.60710000,769.79010000,3.77070000,2.51030000,0.62890000,12.03105900,8.73270000,9.04990000,1.44060000,2.33400000,2.30840000,0.71860000,0.60310000,1.79045204,102.50190000,0.35670000,0.98758260,5.26336002,699.62780000,7.05610000,0.81836110,10.02400000,38.94500000,51.07200000,0.20639237,224.57900000,4.56760000,167.44050000,0.01270000,0.86159828,13.39160000,11.40911111,4.02860000,21.22681507,4.79030000,3.12450000,83.70010000,0.54060000,0.66730000,0.14480000,12.82470000,2344.13247368,0.89150000,0.32950000,14.03710000,118.01505263,9.31560000,22.15040000,2.10160000,827.36400000,115.92430000
